transaction_date,total_canceled_ahead_days,total_bookings,total_booked_ahead_days,cancelation_rate,seven_day_rolling_avg
2019-01-01,957,5605,97164,0.04032114183764496,0.04032114183764496
2019-01-02,2760,7934,143716,0.04499621880514242,0.042658680321393694
2019-01-03,3041,7919,114243,0.04773329965904786,0.044350220100611744
2019-01-04,3492,7892,136115,0.03497212366953877,0.042005695992843504
2019-01-05,1235,7869,244269,0.031770237641377555,0.039958604322550315
2019-01-06,491,5157,92356,0.03257707969749855,0.03872835021837502
2019-01-07,2885,5495,123398,0.03348498635122839,0.03797929823735407
2019-01-08,2069,5601,128913,0.031958578825209784,0.037226708310836035
2019-01-09,3467,5729,142721,0.03683016233199511,0.0367903358726298
2019-01-10,909,5636,126511,0.04098651525904897,0.036289122929368124
2019-01-11,1917,6114,112075,0.037945698397121363,0.03506567277162731
2019-01-12,865,6128,105036,0.04308093994778068,0.03607927480640755
2019-01-13,1137,4979,98033,0.022494476802570797,0.03491980470155671
2019-01-14,1388,5634,153197,0.03230386936457224,0.03488565340994092
2019-01-15,1970,5351,134352,0.03812371519342179,0.03546549451521509
2019-01-16,1207,5484,151170,0.03300510576221736,0.03559631038234104
2019-01-17,3290,5468,121917,0.04626920263350402,0.03677619042002965
2019-01-18,2583,6957,-583153,0.04067845335633175,0.03673768268219
2019-01-19,1395,6493,87318,0.036808871091945174,0.03659557926904298
2019-01-20,1050,4835,98034,0.041571871768355736,0.036406945746614856
2019-01-21,1988,5487,125839,0.04246400583196647,0.03890313687528932
2019-01-22,3045,4899,115915,0.039804041641151255,0.039840658409861694
2019-01-23,1551,4970,146603,0.04426559356136821,0.040608393205855
2019-01-24,2773,5206,113133,0.043987706492508646,0.04198121829714141
2019-01-25,2227,6028,127916,0.04031187790311878,0.041236552705843255
2019-01-26,1166,6167,99934,0.03826820171882601,0.040935271251155037
2019-01-27,1030,4686,111987,0.03051643192488263,0.040148716355272215
2019-01-28,2148,5034,133208,0.05025824394119984,0.04123451287687773
2019-01-29,2649,5213,138062,0.039516593132553235,0.04086608628945108
2019-01-30,-643,5226,111566,0.03654802908534252,0.04045908471997498
2019-01-31,1366,5401,125008,0.0372153304943529,0.03957780183659807
2019-02-01,3725,6302,133068,0.037448429070136464,0.038760392158801546
2019-02-02,1499,6785,94659,0.030950626381724394,0.03759023571862725
2019-02-03,1406,4937,102719,0.02855985416244683,0.03637669227407985
2019-02-04,4673,5460,144442,0.039926739926739924,0.03755298077431201
2019-02-05,4303,5926,154775,0.03442456969287884,0.035573771493271886
2019-02-06,1918,6160,122206,0.037987012987012986,0.03538257397507936
2019-02-07,2503,6199,93240,0.041135667043071464,0.035956028719795474
2019-02-08,2389,7095,117116,0.04186046511627907,0.036536670547536246
2019-02-09,1387,7197,108500,0.03570932332916493,0.036319282329914805
2019-02-10,1196,5409,109281,0.045110001848770565,0.038089204263295574
2019-02-11,6087,6222,179148,0.04934104789456766,0.04068685347981068
2019-02-12,-730461,6077,154477,0.05051834786901432,0.04201080447259498
2019-02-13,3624,6292,154734,0.049109980928162746,0.04384648087700547
2019-02-14,2636,6975,144285,0.04100358422939068,0.04422355228230268
2019-02-15,1865,7666,113861,0.0450039133837725,0.04470708307489031
2019-02-16,909,8612,103785,0.03344170924291686,0.043654738590720034
2019-02-17,1124,7130,117894,0.04249649368863955,0.04450313488565436
2019-02-18,2176,7226,131275,0.03404373097149183,0.04311985102599452
2019-02-19,5090,6454,122989,0.049891540130151846,0.04318866255544254
2019-02-20,3197,6323,130161,0.047603985449944645,0.04282436725305883
2019-02-21,3269,6627,120397,0.04300588501584427,0.042061355264019024
2019-02-22,3717,7397,111927,0.04609977017709883,0.042698378507482544
2019-02-23,1222,7336,100783,0.04198473282442748,0.042320980937564416
2019-02-24,619,6394,106981,0.03941194870190804,0.04306726086993831
2019-02-25,2260,6290,144758,0.037360890302066775,0.04242531044661672
2019-02-26,1976,6133,144447,0.03603456709603783,0.042674164962184964
2019-02-27,-710,6528,121532,0.04136029411764706,0.04160775921062187
2019-02-28,3299,7133,135129,0.04808635917566242,0.041668055926336586
2019-03-01,607,7908,136939,0.03958017197774406,0.04123984179657406
2019-03-02,1548,8449,116168,0.03325837377204403,0.03963466724594221
2019-03-03,1057,7087,122513,0.02793847890503739,0.03787888550601845
2019-03-04,3635,7306,142155,0.03421845058855735,0.037229698241849615
2019-03-05,3368,7083,136998,0.0337427643653819,0.03677743249976401
2019-03-06,4451,7267,162442,0.04541076097426724,0.03794945673454268
2019-03-07,8963,7645,131126,0.04656638325703074,0.03860021787696564
2019-03-08,3031,9018,136636,0.03847859835883788,0.03739924777486257
2019-03-09,1433,9211,110680,0.03745521658886115,0.03713362835125221
2019-03-10,1433,7849,115221,0.03541852465282202,0.03740364721134946
2019-03-11,4108,8677,145747,0.03929929699204794,0.03882374947222578
2019-03-12,5342,8293,128169,0.0479922826480164,0.040545478479658156
2019-03-13,7209,8159,130671,0.055521509988969237,0.04326782168260657
2019-03-14,3962,8500,121976,0.05941176470588235,0.04501794714905846
2019-03-15,3460,9639,145659,0.05425874053325034,0.04597949180858592
2019-03-16,2301,9456,108415,0.03574450084602369,0.04563772961948414
2019-03-17,1048,8029,113220,0.025034250840702453,0.0440851089009643
2019-03-18,3359,8736,149870,0.037316849816849816,0.04432239954646778
2019-03-19,3210,8024,137927,0.04573778664007976,0.04512721075247176
2019-03-20,9534,8852,137506,0.04292815183009489,0.04449419440023157
2019-03-21,3646,9018,119274,0.036926147704590816,0.04216977411468426
2019-03-22,3174,11163,142002,0.03654931470034937,0.039311967863992645
2019-03-23,3136,10136,95995,0.035023677979479084,0.036907585044771235
2019-03-24,1175,8474,103562,0.03587443946188341,0.036923827371753704
2019-03-25,12367,9371,147100,0.04193789350122719,0.03903678270431929
2019-03-26,3589,9423,223148,0.0368247904064523,0.038975275278019604
2019-03-27,11369,8717,144792,0.05196741998393943,0.03975397944600206
2019-03-28,3494,8870,139846,0.04870349492671928,0.04047589733308011
2019-03-29,3311,9349,123781,0.04299925125681891,0.041235035277108624
2019-03-30,1585,9022,97523,0.03513633340722678,0.0410584126154683
2019-03-31,1431,7605,116580,0.03274161735700197,0.04077315503765866
2019-04-01,3238,8146,143580,0.03842376626565185,0.04109182088812972
2019-04-02,3908,8363,151022,0.032643788114313045,0.039930057714765446
2019-04-03,5058,8409,142097,0.044713996908074684,0.040916208527468245
2019-04-04,2743,8122,143847,0.04998768776163506,0.0406687419996802
2019-04-05,2892,8931,130913,0.0457955436121375,0.04030524808535747
2019-04-06,1245,9066,108042,0.0314361350099272,0.038859858554496016
2019-04-07,1061,7327,109593,0.03821482189163369,0.03924466961504688
2019-04-08,4068,7614,154614,0.04859469398476491,0.04122630419351724
2019-04-09,2494,7463,170436,0.0458260753048372,0.042151592823415414
2019-04-10,5086,8766,159988,0.04277891854893908,0.04341848412774366
2019-04-11,3563,9044,221737,0.034055727554179564,0.04208620045850678
2019-04-12,8469,9128,150530,0.051928133216476775,0.04232875614036199
2019-04-13,2385,9469,131913,0.04467208786566691,0.04218832417205317
2019-04-14,1649,7628,141202,0.05099632931305716,0.04463334845994441
2019-04-15,3790,8929,128045,0.04726173143689103,0.04576421215310158
2019-04-16,2064,9249,145355,0.044653476051465024,0.045271559911439094
2019-04-17,2489,9082,116298,0.04382294648755781,0.04502116880927917
2019-04-18,3002,9133,115427,0.05146173218000657,0.04610652051316261
2019-04-19,1573,9186,111180,0.058676246462007406,0.04918408537664109
2019-04-20,723,9386,145930,0.05231195397400384,0.049232062971331966
2019-04-21,73,6320,84257,0.03322784810126582,0.04780153300078183
2019-04-22,5284,8368,126190,0.036448374760994266,0.04598303868177397
2019-04-23,3831,8765,173159,0.03730747290359384,0.04473875636511182
2019-04-24,3351,8645,132406,0.03366107576633892,0.04336470632947106
2019-04-25,1919,8229,112919,0.03973751367116296,0.0428540272274217
2019-04-26,3812,8896,108277,0.044964028776978415,0.042041814302043186
2019-04-27,1892,9546,108072,0.03153153153153153,0.0386487249357337
2019-04-28,1603,7683,91183,0.031107640244696082,0.03599818571957023
2019-04-29,4151,7478,127134,0.0425247392350896,0.0371602971112982
2019-04-30,4118,7297,125548,0.05317253665890092,0.03925081734853653
2019-05-01,2814,7616,132818,0.04254201680672269,0.03990513533642764
2019-05-02,4902,8125,127310,0.04713846153846154,0.04158980855794297
2019-05-03,3221,9021,119791,0.03846580201751469,0.04143084460123694
2019-05-04,2086,9561,91635,0.03200502039535613,0.03981096855353415
2019-05-05,1286,7339,104506,0.035835944951628285,0.040349020231046244
2019-05-06,3414,8135,126889,0.03687768899815612,0.04107027632522875
2019-05-07,3514,8114,137644,0.035001232437761896,0.040129837975562785
2019-05-08,4415,8192,129912,0.03955078125,0.03842711854945017
2019-05-09,3524,8392,120031,0.04492373689227836,0.038724833560144625
2019-05-10,5307,9684,118244,0.04037587773647253,0.037879510584896005
2019-05-11,994,9900,83629,0.041313131313131315,0.03823542674684808
2019-05-12,671,7219,96222,0.03740130211940712,0.03890996196235445
2019-05-13,3357,7907,121570,0.044517516124952576,0.03999515835901999
2019-05-14,3691,8172,130044,0.04270680372001958,0.040723797699252925
2019-05-15,4233,8603,127600,0.04579797744972684,0.04207339082574854
2019-05-16,4514,8835,143367,0.05070741369552915,0.04346796988143969
2019-05-17,2207,9769,111377,0.04370969392977787,0.043316214511127125
2019-05-18,2073,10266,91406,0.03370348723943113,0.042482165698996946
2019-05-19,729,8240,92804,0.04429611650485437,0.04285503884796233
2019-05-20,3621,8893,134448,0.04452940515011807,0.0437460517268012
2019-05-21,3554,9103,135574,0.03998681753268153,0.04317971440276732
2019-05-22,2327,9352,129789,0.04458939264328486,0.04341503801817548
2019-05-23,3508,9698,117848,0.055166013611053825,0.04458604253834135
2019-05-24,2445,11231,100472,0.045499065087703676,0.043934998962363164
2019-05-25,3708,12682,77721,0.038952846554171264,0.043340393040412345
2019-05-26,1154,11147,95859,0.04763613528303579,0.04508197404586292
2019-05-27,1651,10218,108162,0.043256997455470736,0.04495208416468997
2019-05-28,3133,9481,133098,0.04145132370003164,0.04456732398342916
2019-05-29,4175,10256,144126,0.03841653666146646,0.044371038874527285
2019-05-30,3174,10310,121249,0.038215324927255094,0.043574280410023564
2019-05-31,3105,11272,127929,0.03805890702625976,0.0414358920869243
2019-06-01,1902,11648,89854,0.03279532967032967,0.03984792515975255
2019-06-02,1335,9651,102035,0.030152315822194593,0.038747858818255466
2019-06-03,4589,10306,133595,0.0363865709295556,0.037341663274070444
2019-06-04,3641,10192,139982,0.03620486656200942,0.03646014691238778
2019-06-05,3002,10491,136842,0.0496616147173768,0.03748643328955593
2019-06-06,3626,10116,125049,0.057038355081059706,0.03981416059200508
2019-06-07,3895,11300,129197,0.04495575221238938,0.040656714002646865
2019-06-08,1208,12054,90953,0.03882528621204579,0.04075251140087012
2019-06-09,1958,10240,101458,0.0349609375,0.04102321237957891
2019-06-10,4265,10855,143730,0.0418240442192538,0.042482178429211315
2019-06-11,3627,11233,134419,0.04006053592094721,0.042941424053135266
2019-06-12,3604,11131,125997,0.04590782499326206,0.044154293857041844
2019-06-13,2526,11548,124633,0.04520263249047454,0.04359692107867906
2019-06-14,4181,13602,145744,0.03484781649757389,0.040823103755743335
2019-06-15,1254,13643,113154,0.0354760683134208,0.03963814326837226
2019-06-16,1513,10714,120840,0.03938771700578682,0.03970844711758989
2019-06-17,2917,11302,142006,0.0436205981242258,0.040790904695618115
2019-06-18,4945,11855,141326,0.0435259384226065,0.0410036414710372
2019-06-19,3469,11848,125188,0.036968264686022954,0.040617107566671674
2019-06-20,3246,12149,113110,0.04634126265536258,0.04067128727443423
2019-06-21,2184,13404,105289,0.03983885407341092,0.040000814972301284
2019-06-22,2658,13496,86051,0.039344991108476585,0.04056296179866412
2019-06-23,1290,11584,88414,0.034098756906077346,0.04039079787274619
2019-06-24,3965,12342,119600,0.039296710419705075,0.04037942204948597
2019-06-25,3287,12253,120422,0.038602791153186974,0.03975219617810612
2019-06-26,4867,12263,118115,0.04224088722172389,0.03959156477799579
2019-06-27,2032,12481,106517,0.03621504687124429,0.039497412551148456
2019-06-28,2990,13550,104740,0.04715867158671587,0.03959958866756762
2019-06-29,1134,13979,80065,0.04714214178410473,0.040512499631404346
2019-06-30,1710,12494,88057,0.03633744197214663,0.0401365559893631
2019-07-01,4500,13634,128858,0.04232066891594543,0.04116429499059661
2019-07-02,3143,14238,124247,0.038348082595870206,0.04104571651261725
2019-07-03,3659,14343,123510,0.048316251830161056,0.04225989909723901
2019-07-04,135,13582,80796,0.039169489029598,0.04187597432322328
2019-07-05,1695,16442,91110,0.04914244009244617,0.043491898475873515
2019-07-06,833,15171,80938,0.043701799485861184,0.043059789463266676
2019-07-07,1183,12152,88653,0.03760697827518104,0.041867894024651214
2019-07-08,2537,12475,119619,0.04432865731462926,0.042866795942461546
2019-07-09,2898,12681,110702,0.04621086665089504,0.043353070659330244
2019-07-10,2713,13155,119996,0.047054351957430636,0.0444413543295253
2019-07-11,347,13236,110470,0.04820187367784829,0.044427057060486205
2019-07-12,4228,14363,103968,0.05305298336002228,0.046162493851789235
2019-07-13,1171,15491,75910,0.03821573817055064,0.0447966561115523
2019-07-14,1531,12971,84106,0.03993524015110631,0.04432583619470794
2019-07-15,2957,13694,119352,0.038922155688622756,0.04449023337138815
2019-07-16,3170,14103,113690,0.037013401403956606,0.04357582638255407
2019-07-17,1303,13151,89311,0.0411375560793856,0.04294166256111539
2019-07-18,2813,13405,100065,0.042969041402461765,0.04243099874174428
2019-07-19,1866,14672,95521,0.041371319520174483,0.041577179472035056
2019-07-20,898,14953,79092,0.04942152076506387,0.04112324664766526
2019-07-21,723,12574,79013,0.0356290758708446,0.040799913860202
2019-07-22,-1538,13043,102232,0.042628229701755734,0.041136537554033174
2019-07-23,2912,12943,105428,0.04558448582245229,0.04196932882076187
2019-07-24,601,13397,96720,0.04187504665223558,0.04257703447679674
2019-07-25,2614,13853,102559,0.04295098534613441,0.042803713135140344
2019-07-26,2196,15324,90325,0.043265465935787,0.042840766201806
2019-07-27,1564,16197,91194,0.03846391307032167,0.042477340395574395
2019-07-28,578,13307,80245,0.030735703013451566,0.040141613176622855
2019-07-29,1197,13355,108569,0.03773867465368776,0.04040531302447825
2019-07-30,3034,13166,109417,0.04147045420021267,0.04026059108678537
2019-07-31,2019,13285,124150,0.03598042905532556,0.03906008399089453
2019-08-01,3330,13366,110963,0.04616190333682478,0.039595941076468175
2019-08-02,1244,14908,98423,0.038905285752616044,0.03909022862727838
2019-08-03,972,15461,75067,0.03285686566198823,0.037789153593053536
2019-08-04,1059,13105,77763,0.029759633727584892,0.03670111867521144
2019-08-05,3519,13248,107914,0.04106280193236715,0.03799200604007588
2019-08-06,1777,13296,101436,0.03798134777376655,0.03802234018008573
2019-08-07,1465,13067,98671,0.03795821535164919,0.0375833103240153
2019-08-08,3384,13712,101335,0.0338389731621937,0.03731562833737382
2019-08-09,2909,15036,88709,0.038175046554934824,0.03631727123963757
2019-08-10,495,15150,72992,0.03405940594059406,0.03571153626313482
2019-08-11,-351,12083,76828,0.030207729868410162,0.035380394288937564
2019-08-12,2050,12291,106876,0.03295093971198438,0.0357793075369875
2019-08-13,-106,11928,118067,0.04007377598926895,0.035655679294100226
2019-08-14,3160,12689,112370,0.032153834029474346,0.0349272400760637
2019-08-15,1637,13200,102568,0.03378787878787879,0.0344059480055924
2019-08-16,1454,13457,95691,0.0386415991677194,0.035006276256283116
2019-08-17,1543,13975,69869,0.044579606440071556,0.035806846241925205
2019-08-18,1281,11520,78187,0.03871527777777778,0.036388830221573173
2019-08-19,3598,11213,114080,0.04031035405333096,0.03765165824468827
2019-08-20,6219,12354,169373,0.0381253035454104,0.038298453723866525
2019-08-21,4285,11871,136316,0.04127706174711482,0.038448864443597255
2019-08-22,4507,11349,110237,0.04573090140100449,0.04014599786503852
2019-08-23,2178,12398,93883,0.04186159057912567,0.04115521183894438
2019-08-24,1040,13319,61780,0.034762369547263305,0.04067030813638737
2019-08-25,788,10487,80368,0.03690283207781062,0.03971071134110476
2019-08-26,3328,10018,115036,0.036334597724096626,0.03941312633439461
2019-08-27,2928,10092,104545,0.04032897344431233,0.039415453758267285
2019-08-28,2784,9756,105187,0.046842968429684294,0.04050516186880152
2019-08-29,1292,10027,94157,0.058342475316645055,0.0426383385649928
2019-08-30,485,11553,88918,0.056954903488271445,0.044041338825901166
2019-08-31,903,13055,59634,0.03814630409804672,0.0435769280157663
2019-09-01,497,11407,61954,0.03717015867449811,0.04387790165667065
2019-09-02,1001,9376,92437,0.04042235494880546,0.044317842015545006
2019-09-03,2110,8237,105740,0.04552628384120432,0.04546680278018347
2019-09-04,2280,9055,115492,0.03776918829376035,0.04514682963636447
2019-09-05,2341,8574,97001,0.05225099136925589,0.04582283250381092
2019-09-06,2021,9656,93416,0.04204639602319801,0.04378582259213004
2019-09-07,1362,10509,74728,0.033399942906080504,0.04084145251935617
2019-09-08,989,8113,73726,0.03352643904844078,0.04026396938815543
2019-09-09,3783,9225,137307,0.03815718157181572,0.04038734725032013
2019-09-10,2131,8481,99868,0.035962740242895884,0.039829895412081436
2019-09-11,2805,8144,95453,0.043835952848722985,0.03961860403802127
2019-09-12,-640,8840,81184,0.04072398190045249,0.03998795323885778
2019-09-13,2517,10457,88649,0.04398967199005451,0.03895528831645761
2019-09-14,1208,10598,61471,0.031421022834497075,0.03762711666786999
2019-09-15,634,8181,69613,0.03019190807969686,0.03722611231457204
2019-09-16,1548,8008,88636,0.036463536463536464,0.037593249491459
2019-09-17,1383,7957,95995,0.04034183737589544,0.03786633146696897
2019-09-18,1662,7604,77502,0.04576538663861126,0.03909166226643339
2019-09-19,2063,8091,85308,0.04610060561117291,0.03937474386173963
2019-09-20,1064,9503,71705,0.04030306219088709,0.03932212889804395
2019-09-21,1218,10205,58398,0.04027437530622244,0.03885771681256494
2019-09-22,184,7484,60982,0.045430251202565476,0.04060887035857349
2019-09-23,2791,7506,86750,0.04836131095123901,0.04288004571751626
2019-09-24,2130,7391,88003,0.045866594506832635,0.04405542797292828
2019-09-25,783,7898,84995,0.04292225879969613,0.04437798065090337
2019-09-26,2507,7738,69514,0.0436805376066167,0.04411737452190405
2019-09-27,1100,9459,77972,0.045353631462099586,0.044024002753269884
2019-09-28,978,10166,53723,0.0380680700373795,0.043744628734081435
2019-09-29,1979,7264,65323,0.05878303964757709,0.04605821177675076
2019-09-30,1236,7437,83493,0.04719645018152481,0.04627898664912068
2019-10-01,2623,7673,61026,0.039098136322168645,0.04512108982048689
2019-10-02,1782,7681,88592,0.039187605780497334,0.044286216229694975
2019-10-03,1528,7687,90578,0.036945492389748924,0.04353912042845157
2019-10-04,664,9519,66297,0.03571803760899254,0.04254380792874855
2019-10-05,1109,9872,48154,0.03464343598055105,0.041205033493554984
2019-10-06,1422,7736,65304,0.03916752843846949,0.04134246579369123
2019-10-07,3363,7647,96663,0.04250032692559173,0.039307126703443065
2019-10-08,2618,7632,86661,0.0440251572327044,0.038910715084840515
2019-10-09,2584,8030,91162,0.0460772104607721,0.039783099352165945
2019-10-10,2116,8391,90614,0.040638779644857584,0.03996449608521098
2019-10-11,3152,9554,83059,0.041448607912916054,0.04052738552560687
2019-10-12,543,10251,52332,0.029558091893473807,0.039757392311167025
2019-10-13,1710,8351,18048,0.030415519099509042,0.03922890270103677
2019-10-14,1654,8128,74425,0.03309547244094488,0.0384698957013462
2019-10-15,1575,7433,64788,0.04480021525628952,0.03875738174268342
2019-10-16,-1267,7328,75241,0.05376637554585153,0.03997503403182681
2019-10-17,1749,8092,65194,0.04189322787938705,0.03945203620915368
2019-10-18,2478,9405,81185,0.044444444444444446,0.039927744309102044
2019-10-19,472,8940,46539,0.05011185682326622,0.04101065042289581
2019-10-20,717,7329,46089,0.037385727930140535,0.041989104927479155
2019-10-21,2020,6798,64658,0.03912915563401,0.043078309494291776
2019-10-22,1987,7062,85786,0.03384310393656188,0.0431717634312439
2019-10-23,4,6942,79888,0.03918179199078076,0.0424694605230553
2019-10-24,1987,6976,65622,0.046875,0.04160803857982386
2019-10-25,2261,8587,95809,0.04739722836846396,0.042296038640958475
2019-10-26,649,8422,44954,0.035502255996200424,0.04117826508492797
2019-10-27,645,6182,53313,0.04707214493691362,0.0407983010991339
2019-10-28,1469,6548,84010,0.0419975565058033,0.041374779671091745
2019-10-29,1783,6085,77927,0.044042728019720624,0.04198897621930557
2019-10-30,7077,6055,86459,0.04987613542526837,0.04399310515539388
2019-10-31,2032,6192,67135,0.043281653746770024,0.04450558787489254
2019-11-01,1660,7946,96456,0.03460860810470677,0.04297228888798089
2019-11-02,1506,8600,74855,0.024186046511627906,0.04007089115587638
2019-11-03,270,6550,71538,0.021374045801526718,0.03830486488154217
2019-11-04,2363,6757,91580,0.03137487050466183,0.036342705577510695
2019-11-05,-1593,6773,89282,0.039125941237265614,0.035983753668943484
2019-11-06,2153,6327,95152,0.03303303303303303,0.03460754179560754
2019-11-07,1978,6927,125865,0.04287570376786488,0.0337324878384321
2019-11-08,2933,8500,109534,0.0371764705882353,0.032969339943615256
2019-11-09,2515,8941,82690,0.03131640756067554,0.03255781487561135
2019-11-10,-435,7241,75567,0.03300649081618561,0.033660370413681064
2019-11-11,2019,7163,119003,0.03364512075945833,0.035194254783422516
2019-11-12,2714,5978,101398,0.04115088658414185,0.03641625679335752
2019-11-13,3096,5662,101143,0.04009184033910279,0.03653699418108717
2019-11-14,2848,6181,117760,0.04303510758776897,0.037787253500429156
2019-11-15,2493,7702,116750,0.033627629187224096,0.03663124417784906
2019-11-16,1555,8261,82949,0.028567969979421376,0.035555181601747324
2019-11-17,690,6068,95361,0.03246539222148978,0.0356988046843491
2019-11-18,3358,6055,122515,0.037985136251032205,0.036321135363704925
2019-11-19,3621,5738,112364,0.04269780411293134,0.037452720782889054
2019-11-20,2999,5813,117032,0.043523137794598314,0.03774925218419611
2019-11-21,2399,5938,108156,0.038901987201077806,0.03760052054194299
2019-11-22,1612,6871,95302,0.034347256585649834,0.036514539166678094
2019-11-23,1091,7925,87625,0.029526813880126183,0.03600193725329085
2019-11-24,1581,6248,94878,0.02880921895006402,0.03603209337462118
2019-11-25,3169,6582,103740,0.03828623518687329,0.036759698745294125
2019-11-26,4035,6228,112634,0.04126525369299936,0.03716971342554002
2019-11-27,2119,6376,122169,0.04250313676286073,0.03714538000678119
2019-11-28,792,4429,91158,0.03070670580266426,0.035543326007789436
2019-11-29,5505,8603,239371,0.04172962919911659,0.03589678125754428
2019-11-30,4945,8185,161134,0.03567501527183873,0.03606275109331789
2019-12-01,3139,5766,130188,0.030697190426638918,0.036209048161631986
2019-12-02,7075,6623,217440,0.03895515627359203,0.03747729032707299
2019-12-03,3924,6388,187263,0.03616155291170946,0.03721170504267751
2019-12-04,5485,6605,156570,0.04133232399697199,0.03722008883067409
2019-12-05,4497,6272,147738,0.043048469387755105,0.037288255408785886
2019-12-06,4102,7271,152531,0.03644615596204098,0.038005686678707976
2019-12-07,688,7706,139916,0.021801193874902675,0.03551463226318124
2019-12-08,1803,6289,128781,0.024805215455557323,0.03415590728614606
2019-12-09,2388,6561,120698,0.03581771071483006,0.03479597232216995
2019-12-10,4428,5965,95079,0.045431684828164294,0.035605538391491484
2019-12-11,3039,5814,116559,0.038871689026487785,0.035944305405838775
2019-12-12,3592,6024,121826,0.04365869853917663,0.036235102223614354
2019-12-13,-5717,6927,129837,0.051826187382705356,0.037332316972983136
2019-12-14,-1227,7495,102483,0.04136090727151434,0.03794666088666731
2019-12-15,1033,6275,100101,0.026294820717131476,0.03850836424194591
2019-12-16,4236,6780,150040,0.03952802359882006,0.04034871525985375
2019-12-17,4000,6625,135150,0.048754716981132075,0.0419658410431415
2019-12-18,3822,6254,137025,0.041893188359449954,0.04152352898455221
2019-12-19,1630,6306,112064,0.046463685379004124,0.04247252852861675
2019-12-20,464,7531,104707,0.05005975302084716,0.04327266033882557
2019-12-21,3123,7949,117873,0.03660837841237891,0.041370434217534766
2019-12-22,1902,6930,70428,0.03520923520923521,0.040601475209749875
2019-12-23,3459,8276,141831,0.04567423876268729,0.043023902465444346
2019-12-24,2321,7448,123696,0.03893662728249194,0.04294997792590333
2019-12-25,552,5233,101142,0.03248614561437034,0.040916406505058116
2019-12-26,3941,9679,99798,0.05227812790577539,0.0422145239483488
2019-12-27,3796,11255,101825,0.051799200355397604,0.04288146332039798
2019-12-28,1584,10407,70595,0.039108292495435765,0.041512530754721555
2019-12-29,1406,9451,86236,0.051211512009311184,0.04333792245433809
2019-12-30,3737,9281,108877,0.04600797327874152,0.04468776471302638
2019-12-31,1830,8485,93461,0.03500294637595757,0.043353853164685166
2020-01-01,496,6957,82707,0.02630444156964209,0.041774829950578934
2020-01-02,5044,10143,173675,0.03894311347727497,0.04258195093344201
2020-01-03,4389,9907,190091,0.047441203189663876,0.04197733534392807
2020-01-04,3487,8915,129619,0.04049355019629838,0.04056412907404067
2020-01-05,3003,6276,122111,0.04445506692160612,0.041232475877311964
2020-01-06,4585,6596,150911,0.047604608853850816,0.04078161298287942
2020-01-07,4010,6372,142438,0.03311362209667294,0.03916981908512084
2020-01-08,4915,6485,147422,0.04209714726291442,0.040056594195990454
2020-01-09,6364,6061,148821,0.05675631083979541,0.04386307785475962
2020-01-10,4899,7120,148093,0.04143258426966292,0.04417426170380811
2020-01-11,979,7458,123582,0.047868061142397424,0.044227618947899804
2020-01-12,1457,6109,136984,0.036994598133900804,0.043790249940100105
2020-01-13,7557,6554,179621,0.044095209032651815,0.04374526770398082
2020-01-14,3823,6401,180114,0.03686923918137791,0.04240334649492171
2020-01-15,5671,6608,150605,0.04116222760290557,0.043409422183200784
2020-01-16,5982,7334,160762,0.03231524406872103,0.04218668428392661
2020-01-17,4905,7835,140583,0.04620293554562859,0.04086751237215576
2020-01-18,2113,8745,131695,0.03407661520869068,0.03994801623953423
2020-01-19,1558,7340,121398,0.03433242506811989,0.038256061730249535
2020-01-20,5061,7906,82783,0.034530736149759676,0.037948078982231896
2020-01-21,3338,6614,90408,0.040671303296038706,0.03752009076515526
2020-01-22,4252,5998,128404,0.03934644881627209,0.03782974196951703
2020-01-23,7408,6701,165821,0.03835248470377556,0.03747852410712578
2020-01-24,3949,7751,149441,0.03109276222422913,0.03732571387656429
2020-01-25,1839,8476,120636,0.025837659273242095,0.03478005434251598
2020-01-26,1443,6448,127295,0.02946650124069479,0.034203790096516494
2020-01-27,5405,6052,162190,0.03354263053536021,0.034105065779921534
2020-01-28,6202,6937,213294,0.03791264235260199,0.03452780405527682
2020-01-29,5083,6535,177130,0.0361132364192808,0.03395804569568208
2020-01-30,3219,6735,185103,0.03949517446176689,0.033976636401368936
2020-01-31,6205,7645,158414,0.041072596468279925,0.03431665037193198
2020-02-01,2939,7753,141057,0.034438281955372116,0.03473484033832485
2020-02-02,2140,5894,125877,0.029521547336274177,0.03519532634620386
2020-02-03,5015,6152,164734,0.03657347204161249,0.03608369769631858
2020-02-04,7035,6510,166376,0.04055299539170507,0.03695999330336168
2020-02-05,2241,6367,144648,0.03785142139155018,0.03695234068323021
2020-02-06,4510,6806,158518,0.05480458419042022,0.039288759154622634
2020-02-07,5339,7872,152879,0.0430640243902439,0.03973486539568226
2020-02-08,3574,9368,136675,0.030529461998292057,0.03841697358693377
2020-02-09,1564,6971,150075,0.035145603213312296,0.0385053887441763
2020-02-10,5439,7522,230920,0.04466897101834619,0.0403988167044353
2020-02-11,3088,7529,161775,0.03838491167485722,0.040625246658590894
2020-02-12,5925,8047,203845,0.03964210264694917,0.040511385065496404
2020-02-13,5142,8177,180555,0.04390363213892626,0.04126791140891841
2020-02-14,5389,9581,189591,0.04195804195804196,0.03966209362987113
2020-02-15,4799,10634,139205,0.033665600902764714,0.038487290693936235
2020-02-16,2683,9337,136486,0.03266573845989076,0.03875432525163607
2020-02-17,6755,9049,174868,0.0322687589788927,0.038394719722333624
2020-02-18,6533,7924,166877,0.04076224129227663,0.037906378506574925
2020-02-19,8175,8266,172562,0.045245584321316236,0.0387639625873823
2020-02-20,8819,8635,178603,0.045396641574985526,0.039483279953386845
2020-02-21,6098,8979,180074,0.05167613319968816,0.04045484258598209
2020-02-22,3518,9347,160286,0.037017224778003635,0.03983724043847729
2020-02-23,1744,7258,137397,0.031964728575365114,0.039624631397552346
2020-02-24,7371,7813,163951,0.048892870856265196,0.04165302294709915
2020-02-25,9165,7225,198233,0.057716262975778546,0.04483396094670988
2020-02-26,8610,7048,179035,0.05178774120317821,0.04621214843557258
2020-02-27,8617,7240,150241,0.05897790055248619,0.04792868796446882
2020-02-28,4773,8331,154477,0.044052334653703035,0.04776064959930851
2020-02-29,5885,9474,148171,0.038420941524171415,0.04610375063986892
2020-03-01,3830,7353,132711,0.034815721474228206,0.04582856272689699
2020-03-02,4849,7068,162150,0.0636672325976231,0.04979137572967924
2020-03-03,6085,7135,184511,0.06012613875262789,0.05119553421672458
2020-03-04,7994,7664,167657,0.05441022964509395,0.050782280050389
2020-03-05,7525,7445,155123,0.06205507051712559,0.052065696214632425
2020-03-06,6433,8537,167208,0.056577251962047555,0.051765615140827594
2020-03-07,5296,8638,118006,0.05151655475804584,0.05269864265387044
2020-03-08,3499,6873,124013,0.05674378000872981,0.05498899746444024
2020-03-09,6125,6648,133133,0.08844765342960288,0.06169298895886208
2020-03-10,9087,6897,145514,0.10192837465564739,0.06647563171611512
2020-03-11,10491,6992,115074,0.10254576659038901,0.07177808519583526
2020-03-12,16135,6057,78733,0.23146772329536075,0.0939102719021186
2020-03-13,20917,6083,67392,0.2959066250205491,0.12314171621504655
2020-03-14,11571,6067,44703,0.19152793802538323,0.1400105519729635
2020-03-15,11988,4528,41985,0.22725265017667845,0.16197756390029258
2020-03-16,21889,3482,57064,0.5269959793222286,0.22075908881447992
2020-03-17,22686,2691,36340,0.6937941285767373,0.29642739820787173
2020-03-18,13466,2230,33274,0.38026905829596414,0.33121998366291133
2020-03-19,7314,1937,33592,0.21683014971605577,0.3455055315536197
2020-03-20,7946,1583,20878,0.23436512950094757,0.34586770732931804
2020-03-21,-433,1503,12636,0.19827012641383898,0.33366314500347927
2020-03-22,3534,653,13096,0.19448698315467075,0.3340330256446402
2020-03-23,4737,844,14730,0.4218009478672986,0.3583515628559677
2020-03-24,5222,926,19747,0.2548596112311015,0.3243345168445768
2020-03-25,17994,1195,22122,0.3514644351464435,0.2815433051657901
2020-03-26,4561,1222,17812,0.20049099836333878,0.2590710476742119
2020-03-27,1780,1196,-13493,0.22826086956521738,0.26049988765535714
2020-03-28,3057,1918,-4642,0.06986444212721585,0.23993730173364067
2020-03-29,1315,600,7953,0.10833333333333334,0.22869520259857745
2020-03-30,5185,755,15940,0.247682119205298,0.23534459460490587
2020-03-31,4300,908,-589,0.2301762114537445,0.2113915025532116
2020-04-01,5830,1280,-150795,0.2546875,0.2113699886493239
2020-04-02,4813,1499,-73206,0.1874583055370247,0.19086922244814658
2020-04-03,5702,1194,-20140,0.30067001675041877,0.20339159974653157
2020-04-04,1909,602,30417,0.1760797342192691,0.19686895782828803
2020-04-05,1559,273,8907,0.15384615384615385,0.2073666717931553
2020-04-06,3863,400,14830,0.3125,0.23288750512648862
2020-04-07,4846,520,-1062,0.5307692307692308,0.2682733940719802
2020-04-08,7519,515,20317,1.0174757281553397,0.3666858336596796
2020-04-09,5157,644,45435,0.8136645962732919,0.4365579706938411
2020-04-10,3045,562,25266,0.9252669039145908,0.5287840454910369
2020-04-11,862,502,22969,0.2589641434262948,0.5235708113255214
2020-04-12,-352,291,15024,0.4536082474226804,0.5582618754759477
2020-04-13,3980,552,23081,0.717391304347826,0.6287050192886569
2020-04-14,20856,599,32975,1.7729549248747913,0.8112618848980058
2020-04-15,2301,638,19410,0.2664576802507837,0.7782229410831999
2020-04-16,3262,704,37614,0.37926136363636365,0.6984461455183278
2020-04-17,4350,819,20815,0.20634920634920634,0.6225317217778171
2020-04-18,526,879,14009,0.02502844141069397,0.5100019139648301
2020-04-19,1587,617,15158,0.07941653160453808,0.48755846248711043
2020-04-20,7827,651,19916,0.5238095238095238,0.4963336220354659
2020-04-21,3990,572,21330,0.4020979020979021,0.45692194675422537
2020-04-22,3504,749,16439,0.6528704939919893,0.3169113928938751
2020-04-23,2249,845,23051,0.22366863905325443,0.31156276274418393
2020-04-24,3487,1135,19782,0.1647577092511013,0.28474980594602617
2020-04-25,1158,1103,17240,0.051677243880326386,0.26541581063741615
2020-04-26,-101,857,13932,0.060676779463243874,0.2698718528939849
2020-04-27,2083,943,21006,0.34994697773064687,0.3036881586597485
2020-04-28,5034,1279,61839,0.19468334636434714,0.2625473864791014
2020-04-29,2966,1243,47177,0.16733708769107,0.2332022846782474
2020-04-30,3704,1244,24381,0.12781350482315113,0.16757016103214264
2020-05-01,3352,1910,28643,0.0774869109947644,0.1492974450248314
2020-05-02,1463,2205,25419,0.029024943310657598,0.13233084928227593
2020-05-03,462,1692,19717,0.030141843971631204,0.12963892429368903
2020-05-04,3531,1993,26349,0.07576517812343202,0.13152497412621256
2020-05-05,4150,1945,28197,0.1352185089974293,0.10468391553456034
2020-05-06,4466,2286,30121,0.08530183727034121,0.0910112268978096
2020-05-07,-208,2809,33513,0.09469562121751512,0.08193104358861525
2020-05-08,2801,3238,33446,0.05806053119209389,0.07321192188473309
2020-05-09,1010,3763,47850,0.02258836035078395,0.06634960305423554
2020-05-10,986,1937,22497,0.027361899845121322,0.06614172262104351
2020-05-11,3725,2460,36674,0.10040650406504065,0.07492480513271968
2020-05-12,4870,2896,41672,0.07147790055248619,0.07438889543635145
2020-05-13,3220,3029,36542,0.08319577418289864,0.06788605358453512
2020-05-14,5555,3545,37165,0.06346967559943582,0.06515703337567195
2020-05-15,3450,4275,38232,0.03859649122807018,0.05814464212699133
2020-05-16,435,5025,32595,0.02109452736318408,0.053523891648377606
2020-05-17,649,3623,30526,0.020425062103229367,0.053253479367433285
2020-05-18,4313,3506,60724,0.05618938961779806,0.05685691558901788
2020-05-19,4687,4180,73929,0.06483253588516746,0.05241016956653373
2020-05-20,5945,4529,50768,0.07374696400971517,0.052693802498687346
2020-05-21,2008,5443,51114,0.06522138526547859,0.05044700388400984
2020-05-22,6785,6688,46529,0.08642344497607655,0.05331622505608993
2020-05-23,2175,7414,39657,0.055165902346911246,0.05538740144594507
2020-05-24,1647,6537,38882,0.06409668043445005,0.060762670579853316
2020-05-25,7881,4736,46531,0.1102195945945946,0.07198698714127397
2020-05-26,5280,4921,64077,0.07356228408859988,0.0741585989501242
2020-05-27,3765,5863,65688,0.07419409858434249,0.07532879428752107
2020-05-28,7048,6209,71962,0.06957642132388468,0.07480747645179227
2020-05-29,2550,7007,61295,0.06793206793206794,0.07514631178511592
2020-05-30,727,8144,47863,0.05108055009823183,0.07072844992538534
2020-05-31,1742,6506,51846,0.04933907162619121,0.07000009608529534
2020-06-01,5484,5937,67760,0.07815394980629947,0.07175725475677651
2020-06-02,5385,6484,76127,0.07078963602714373,0.06682850993584516
2020-06-03,4776,6690,82011,0.07443946188340807,0.06693815716019617
2020-06-04,5027,7094,73171,0.061178460670989566,0.06531120242102706
2020-06-05,3416,8265,81784,0.06073805202661827,0.06420640625886877
2020-06-06,2862,8706,73266,0.06639099471628762,0.06401377210689622
2020-06-07,2464,7184,74275,0.053452115812917596,0.06431021782123195
2020-06-08,7360,8320,104976,0.06634615384615385,0.06643610309872727
2020-06-09,6086,8311,97168,0.05883768499578872,0.06402156999741343
2020-06-10,1343,8855,88887,0.06132128740824393,0.06283802642005096
2020-06-11,3220,9573,95677,0.05902016086911104,0.060910613793263825
2020-06-12,3471,10575,89308,0.0583451536643026,0.06055645041742795
2020-06-13,4322,11015,80506,0.054108034498411256,0.05972769822640207
2020-06-14,2356,9492,88331,0.05130636325326591,0.05784211929352436
2020-06-15,5101,9588,117131,0.06320400500625782,0.05906110544269189
2020-06-16,4364,9959,106061,0.06014660106436389,0.05828616134496815
2020-06-17,5434,10557,115657,0.06014966373022639,0.058450158686772856
2020-06-18,6048,10922,103055,0.06116095953122139,0.05843011770214504
2020-06-19,4183,12170,106429,0.061216105176663926,0.05870461074058915
2020-06-20,612,13224,102788,0.05096793708408953,0.05778245866806252
2020-06-21,2188,11599,118485,0.04690059487886887,0.05688152871561972
2020-06-22,8794,10658,111639,0.06276975042221805,0.05831445211173873
2020-06-23,4624,11060,98665,0.06754068716094032,0.05885653738107405
2020-06-24,18797,11795,88556,0.08266214497668503,0.06167098037011419
2020-06-25,5872,11843,81130,0.071181288524867,0.06304993346944426
2020-06-26,5021,12542,81828,0.08611066815499921,0.0661686470474165
2020-06-27,2189,12922,60388,0.06624361553939019,0.06679708584275727
2020-06-28,2283,10599,54616,0.06236437399754694,0.06822164045693946
2020-06-29,8209,11182,85912,0.07825076015024146,0.07214041111586103
2020-06-30,-1189,11884,78802,0.07825647929989903,0.07407625222557115
2020-07-01,2532,11937,66242,0.07338527268157828,0.0748068254156509
2020-07-02,4084,13191,71376,0.08255628837843984,0.07479359334087024
2020-07-03,2222,14298,60936,0.0673520772135963,0.0743149419269614
2020-07-04,1539,11702,43582,0.06383524183900188,0.07153051363746174
2020-07-05,1801,10464,47706,0.06154434250764526,0.07094310450849363
2020-07-06,3826,11092,75455,0.07365668950595024,0.07235464394704404
2020-07-07,2768,11837,83165,0.07493452732955985,0.07194011484445884
2020-07-08,1423,12249,76631,0.06016817699404033,0.0696790770562265
2020-07-09,4019,12220,74413,0.06317512274959083,0.06840280831472807
2020-07-10,3104,13538,75432,0.0640419559757719,0.06608851676439458
2020-07-11,1091,14405,59202,0.05324540090246442,0.0643251822255031
2020-07-12,1761,12744,56516,0.052573760200878845,0.0629174970207377
2020-07-13,2503,12144,74944,0.059782608695652176,0.06269728029423857
2020-07-14,5360,12374,81009,0.061419104574107,0.061167582177758174
2020-07-15,3063,12539,73973,0.06411994576920009,0.0598157594827132
2020-07-16,3634,12920,68738,0.06834365325077399,0.060837694014804905
2020-07-17,4228,15221,77761,0.05801195716444386,0.060192298316661536
2020-07-18,2491,15123,62163,0.06083449051114197,0.0597913651335828
2020-07-19,2716,12784,58845,0.053035043804755946,0.059765070496369234
2020-07-20,5602,12343,74670,0.06546220529854979,0.0613761261335781
2020-07-21,3507,12875,81326,0.06042718446601942,0.06145669810487401
2020-07-22,-2229,12539,79339,0.07440784751575086,0.06308029097257949
2020-07-23,5326,12496,69086,0.0815460947503201,0.06525855959521949
2020-07-24,1062,14689,64777,0.07202668663625843,0.06571893876840505
2020-07-25,2493,15235,56180,0.05461109287824089,0.06529383073262968
2020-07-26,1501,13042,64277,0.04976230639472474,0.06390980771807753
2020-07-27,4263,13004,78972,0.06067363888034451,0.06486463210252609
2020-07-28,3539,13213,71340,0.06607129342314387,0.06494076811810034
2020-07-29,4153,13049,75059,0.0669016782895241,0.06575007984603844
2020-07-30,2048,13272,71753,0.06185955394816154,0.06418154315008977
2020-07-31,1148,14786,75041,0.06222101988367375,0.06176590879175898
2020-08-01,1244,14776,62537,0.06172171088251218,0.0604777868225407
2020-08-02,1326,11453,56861,0.06400069850694141,0.061651487526128264
2020-08-03,3810,12591,86241,0.058057342546263206,0.06268836704507057
2020-08-04,3693,12441,80876,0.05554215899043485,0.06204693205883186
2020-08-05,3578,12938,79547,0.05565002318750966,0.06074427327937759
2020-08-06,1211,13517,76281,0.06199600503070208,0.06013106412202483
2020-08-07,2570,14690,66779,0.06473791695030633,0.06049085949729294
2020-08-08,1359,16346,63627,0.046066315918267466,0.05847152150161715
2020-08-09,779,13622,60417,0.0528556746439583,0.057363266971797916
2020-08-10,1930,12073,76037,0.06502112151080924,0.05749081984728139
2020-08-11,1255,12835,72784,0.0559407869107908,0.057226250392847344
2020-08-12,1553,12739,70460,0.05824633016720308,0.05756427178994337
2020-08-13,1043,13119,77965,0.06364814391340803,0.05856403688068067
2020-08-14,579,15311,72840,0.05349095421592319,0.05750090552883331
2020-08-15,1021,15492,59708,0.05635166537567777,0.056452624082004736
2020-08-16,916,12543,62582,0.05373515108028382,0.05741122847725678
2020-08-17,-2946,11504,72360,0.05867524339360222,0.05813867457096227
2020-08-18,1796,12136,85765,0.053394858272907054,0.056685391666224494
2020-08-19,1176,12330,126082,0.06423357664233577,0.05772199038266762
2020-08-20,1743,12029,83516,0.07407099509518664,0.05970007349866556
2020-08-21,671,14065,75226,0.06967650195520796,0.060453618253890555
2020-08-22,599,14521,66600,0.06018869223882653,0.06129083550675347
2020-08-23,1987,11763,64696,0.05279265493496557,0.06084595920166445
2020-08-24,2087,9763,76878,0.06514391068319164,0.062272054152027925
2020-08-25,2778,9920,73898,0.061995967741935484,0.06268714469556957
2020-08-26,2632,10667,88225,0.06290428424111746,0.06387582294159588
2020-08-27,4382,11208,80216,0.0690578158458244,0.06447885284203196
2020-08-28,2363,12537,65387,0.06117891042514158,0.06286734225827632
2020-08-29,-290,14171,59589,0.06767341754286924,0.06261695670673399
2020-08-30,2169,11890,61009,0.05820016820857864,0.062368391202953004
2020-08-31,2259,9634,75073,0.06944156113763754,0.064449504478287
2020-09-01,4227,10439,79629,0.062266500622665005,0.06408982822072117
2020-09-02,1448,11412,80020,0.061952330879775676,0.06408437361295119
2020-09-03,1499,12550,80359,0.05904382470119522,0.06360181617046091
2020-09-04,574,14764,70518,0.0562855594689786,0.06200528412335519
2020-09-05,879,16833,60063,0.04889205726846076,0.060469427478770085
2020-09-06,-2408,13083,48646,0.07460062676756096,0.06133532863185655
2020-09-07,1,10453,56137,0.08102936955897828,0.06418897880065651
2020-09-08,938,7558,75686,0.08163535326806033,0.06571320281695936
2020-09-09,-475,7627,78509,0.0858791136751016,0.06866477944851393
2020-09-10,1091,8677,113155,0.08470669586262533,0.07150907507137014
2020-09-11,921,10472,105573,0.08317417876241405,0.0745253693290225
2020-09-12,1341,10815,54977,0.1018955154877485,0.08022661383136873
2020-09-13,29,7980,48703,0.0780701754385965,0.08387387860263569
2020-09-14,1822,7495,72929,0.06964643095396932,0.08325460412593674
2020-09-15,1733,8754,86128,0.06614119259766964,0.08139358200577317
2020-09-16,3107,8483,81084,0.06990451491217729,0.07992722721128778
2020-09-17,2321,8740,77892,0.08226544622425629,0.07947551877993211
2020-09-18,625,10398,74024,0.06366608963262166,0.07684544300118165
2020-09-19,-848,11851,55248,0.04666272888363851,0.07228151176633471
2020-09-20,1335,9049,58884,0.06210631008951265,0.06730786109155523
2020-09-21,-945,7820,75802,0.05843989769820972,0.06485407637400688
2020-09-22,125,7863,71920,0.05964644537708254,0.06360407817689603
2020-09-23,1368,8658,69116,0.051166551166551166,0.06173224799800623
2020-09-24,-930,8890,69307,0.05691788526434196,0.06010891929202681
2020-09-25,974,11934,71010,0.04147812971342383,0.05501050472817275
2020-09-26,540,13169,60477,0.04556154605512947,0.05274743678098623
2020-09-27,-329,9325,52877,0.05705093833780161,0.05404596296275662
2020-09-28,1024,7927,68132,0.05802951936419831,0.053536364122092325
2020-09-29,1628,8051,77549,0.05440317972922618,0.053031774375969384
2020-09-30,678,8377,74014,0.04786916557240062,0.051559614400384146
2020-10-01,-1329,13450,82262,0.03687732342007435,0.04977346093207454
2020-10-02,-1091,12468,74188,0.042428617260186076,0.047962302431555054
2020-10-03,329,12965,57352,0.03609718472811416,0.047289684308391346
2020-10-04,170,9662,58487,0.04181328917408404,0.04682115219826067
2020-10-05,1180,8733,71601,0.04832245505553647,0.045730091787977524
2020-10-06,2279,9320,71075,0.0473175965665236,0.04439110143826819
2020-10-07,885,9852,69371,0.050243605359317906,0.043871154642029654
2020-10-08,115,9722,64142,0.046286772269080435,0.04367335547911463
2020-10-09,904,12287,63927,0.03865874501505656,0.043896033178487406
2020-10-10,-942,13332,43102,0.050555055505550554,0.044911837959157964
2020-10-11,84,10500,55692,0.05152380952380953,0.04684016605861989
2020-10-12,-1707,8677,58643,0.04679036533364066,0.047462300578564466
2020-10-13,1322,8813,59253,0.057755588335413596,0.048641442238549104
2020-10-14,-316,8919,62092,0.059311582015921065,0.050140690419723785
2020-10-15,1286,9658,61850,0.04483329881963139,0.04946440210226297
2020-10-16,-256,11674,67338,0.04351550454000343,0.04911799363612835
2020-10-17,331,13126,37152,0.04129209203108335,0.04944716201313169
2020-10-18,-422,9338,48420,0.04883272649389591,0.04923187088667486
2020-10-19,1170,7478,56818,0.05522867076758491,0.04969497854214679
2020-10-20,-757,7406,58745,0.06656764785309209,0.052167138857078216
2020-10-21,628,7624,59039,0.051154249737670514,0.05134197153236033
2020-10-22,314,8314,49835,0.06831849891748858,0.05246783614505627
2020-10-23,937,10132,57005,0.047670746150809316,0.052822517061453515
2020-10-24,-4019,11306,67375,0.040509464001415176,0.05244676199412998
2020-10-25,396,6972,41960,0.06669535283993115,0.05562216959523596
2020-10-26,-3333,5622,55566,0.14212024190679473,0.06728310902184831
2020-10-27,-11455,5495,52349,0.10518653321201092,0.07352784182740156
2020-10-28,-1063,6063,55387,0.08395183902358569,0.07570086572371326
2020-10-29,-295,6247,49849,0.08836241395870018,0.08035188625134197
2020-10-30,-166,7525,46258,0.05621262458471761,0.0788386519597456
2020-10-31,-552,7614,28028,0.08838980824796427,0.08392853472188996
2020-11-01,-28,4832,29352,0.04904801324503311,0.08499585337734221
2020-11-02,1510,4937,58439,0.05205590439538181,0.08316592232177354
2020-11-03,349,4645,62963,0.050807319698600646,0.07175180704574928
2020-11-04,1598,4360,41511,0.06880733944954129,0.06720440782544057
2020-11-05,1205,5370,43553,0.059962756052141526,0.06420577245401006
2020-11-06,460,6532,48099,0.05404164115125536,0.059915675853079456
2020-11-07,-526,6839,33505,0.07311010381634742,0.062027860757033176
2020-11-08,577,4715,38854,0.07804878048780488,0.060735232287013254
2020-11-09,-733,4019,48265,0.0721572530480219,0.06362388726238685
2020-11-10,-249,4295,44072,0.06658905704307334,0.06544053134334829
2020-11-11,-2228,5036,50319,0.05242255758538523,0.06564243607919637
2020-11-12,-1603,4799,53744,0.07334861429464472,0.06621009543483429
2020-11-13,-394,6221,63774,0.058029255746664524,0.06596840789664966
2020-11-14,-1031,6999,43500,0.04914987855407915,0.06535693757200264
2020-11-15,512,5175,37217,0.04077294685990338,0.06131479295244714
2020-11-16,1659,4579,62077,0.06879231273203756,0.060157734482976226
2020-11-17,-214,4936,49380,0.058549432739059964,0.05845675694435599
2020-11-18,6686,4661,58007,0.11134949581634843,0.06405181179101536
2020-11-19,1380,4656,39410,0.061855670103092786,0.06523095085572882
2020-11-20,969,5760,48555,0.07569444444444444,0.06552417962445378
2020-11-21,640,6650,34771,0.05278195488721805,0.06486826701702297
2020-11-22,240,5219,32840,0.03889634029507569,0.06358657473464754
2020-11-23,2327,5332,46041,0.06864216054013503,0.06707022644467649
2020-11-24,1435,5355,35301,0.058450046685340803,0.0657774431888394
2020-11-25,473,5157,36077,0.05972464611208067,0.06592434486046699
2020-11-26,183,3500,17599,0.05085714285714286,0.05836280074056629
2020-11-27,-582,7802,46210,0.0460138426044604,0.05638257230323724
2020-11-28,-5646,8617,59888,0.040153185563421144,0.05193991494310933
2020-11-29,-667,5716,43182,0.0370888733379986,0.0499782797494569
2020-11-30,-40,5195,67044,0.061212704523580366,0.052767825278019986
2020-12-01,1980,5035,61057,0.04945382323733863,0.050369283115170436
2020-12-02,1723,4508,53238,0.06233362910381544,0.05085473091747977
2020-12-03,-849,4927,59963,0.08727420336919017,0.054298425574618454
2020-12-04,460,5981,42610,0.07523825447249624,0.05734606452653762
2020-12-05,-2179,7404,49733,0.04659643435980551,0.057418888495955764
2020-12-06,746,5688,32359,0.030766526019690578,0.05624555605298944
2020-12-07,1383,5194,50034,0.061224489795918366,0.059262508110229414
2020-12-08,1044,4485,46351,0.07045707915273133,0.060418054938873283
2020-12-09,1383,5615,114487,0.04381121994657168,0.05971272952752742
2020-12-10,1130,5170,43397,0.053965183752417795,0.05866667385860271
2020-12-11,915,6430,68928,0.04758942457231726,0.053706076508993596
2020-12-12,242,7177,71175,0.029817472481538248,0.048028478760123845
2020-12-13,550,5603,37220,0.044618954131715155,0.04778129373161255
2020-12-14,1068,5107,46693,0.04699432151948306,0.04980976816908661
2020-12-15,704,4947,51447,0.04932282191227006,0.048322059683630576
2020-12-16,295,5041,50130,0.05514778813727435,0.04640839830669845
2020-12-17,104,5248,29702,0.0626905487804878,0.048768314410937964
2020-12-18,-1056,6243,59666,0.0482139996796412,0.04804941640184089
2020-12-19,688,7711,35123,0.05654260147840747,0.04916856351510217
2020-12-20,307,6496,31614,0.03602216748768473,0.049944150390870475
2020-12-21,-4961,6882,40518,0.04911362975879105,0.05050598484425496
2020-12-22,-8507,6950,45538,0.06100719424460432,0.052257593934895125
2020-12-23,-660,6265,52547,0.060814046288906624,0.05369399698197469
2020-12-24,-46,5047,42805,0.05646918961759461,0.053859172167014725
2020-12-25,-39,3078,22069,0.036387264457439894,0.05057126162663374
2020-12-26,638,6905,25666,0.05314989138305576,0.05118824808956056
2020-12-27,-1339,8339,35509,0.03717472118959108,0.04876726305345851
2020-12-28,-1418,8209,52937,0.05238153246436838,0.050812183675543965
2020-12-29,-821,8934,59459,0.05451085739870159,0.05148683713053278
2020-12-30,1773,7168,44609,0.06166294642857143,0.05156880615352867
2020-12-31,-485,7472,56088,0.0591541755888651,0.05136132231602348
2021-01-01,1055,7251,52006,0.05475106881809406,0.05114655721608591
2021-01-02,-510,7653,62130,0.047955050307069126,0.052592530447289565
2021-01-03,123,5051,48890,0.05068303306275985,0.052284173157252575
2021-01-04,723,4713,61220,0.05537873965626989,0.054559675465587425
2021-01-05,1018,4700,61893,0.044893617021276595,0.05362368603520096
2021-01-06,-645,4698,74410,0.0604512558535547,0.054366235842057596
2021-01-07,-742,4725,56579,0.0455026455026455,0.05234619822631685
2021-01-08,-17803,5883,60819,0.05354411014788373,0.05164494004619418
2021-01-09,37,6741,95322,0.04153686396677051,0.04999316443977874
2021-01-10,1550,5022,54405,0.0362405416168857,0.04852885085350581
2021-01-11,196,4698,70561,0.038952745849297574,0.047062564951823024
2021-01-12,2787,4492,75098,0.04719501335707925,0.0460395991644242
2021-01-13,1644,4677,71095,0.03870002138122728,0.04526539970941803
2021-01-14,911,5093,60052,0.04574906734733949,0.04342762614614113
2021-01-15,728,6750,82352,0.039407407407407405,0.04266572138423637
2021-01-16,957,7515,52131,0.037658017298735864,0.04067995977809288
2021-01-17,413,5914,63174,0.03246533648968549,0.03954601884345726
2021-01-18,218,5451,67088,0.04237754540451293,0.04031314431691066
2021-01-19,2342,4219,66484,0.05664849490400569,0.04252511294874917
2021-01-20,2093,4318,71972,0.050717924965261695,0.04296547689977198
2021-01-21,1396,5230,71054,0.03881453154875717,0.04297979067071322
2021-01-22,1809,5998,78174,0.04151383794598199,0.04245038699554353
2021-01-23,1495,6524,70567,0.04153893316983446,0.042716827715846915
2021-01-24,663,4733,74829,0.03380519754912318,0.042235225247145326
2021-01-25,194,4740,87304,0.04725738396624472,0.04408423118171523
2021-01-26,1336,4612,83828,0.04336513443191674,0.044207679810140704
2021-01-27,1784,4700,88492,0.04021276595744681,0.042153213691820846
2021-01-28,553,4750,76149,0.042736842105263156,0.04115557833432103
2021-01-29,929,5621,89737,0.047322540473225407,0.04221907944987956
2021-01-30,1592,7054,68709,0.0337397221434647,0.041247314974564894
2021-01-31,960,4923,55555,0.035547430428600445,0.040498377131910644
2021-02-01,223,4460,89613,0.05336322869955157,0.04294313102571419
2021-02-02,3513,4866,86986,0.04665022605836416,0.042867236287229125
2021-02-03,1052,5334,85660,0.04349456317960255,0.04288341488068985
2021-02-04,2054,5686,96993,0.04256067534294759,0.043176903553877446
2021-02-05,1990,6778,101794,0.051195042785482446,0.04423417863890486
2021-02-06,-106,7199,66228,0.033476871787748295,0.04250347005322022
2021-02-07,984,5061,60066,0.036751630112625965,0.042879958549365375
2021-02-08,1028,5600,107762,0.04303571428571429,0.04381599403150461
2021-02-09,2535,6094,96413,0.042829012143091566,0.042499216961947105
2021-02-10,-740,6493,87644,0.0457415678422917,0.04238563468493805
2021-02-11,2192,6913,91082,0.05974251410386229,0.044416628550470516
2021-02-12,2090,7997,85838,0.0642741027885457,0.04713080698117028
2021-02-13,910,8546,75342,0.07406974022934706,0.04999014416165336
2021-02-14,411,6993,62168,0.08136708136708137,0.055976420359069995
2021-02-15,1609,6832,82183,0.07084309133489461,0.060237853011853575
2021-02-16,1199,5750,80286,0.06626086956521739,0.06314099742179147
2021-02-17,1311,6175,91072,0.06688259109311741,0.06614769479054469
2021-02-18,967,6647,91239,0.0627350684519332,0.06827188236674989
2021-02-19,4187,7864,151850,0.04908443540183113,0.06693962252899599
2021-02-20,321,8515,79952,0.054139753376394595,0.06567282885247709
2021-02-21,2738,6285,82660,0.06284805091487669,0.0642701176881683
2021-02-22,-486,6278,113780,0.0402994584262504,0.05913666482056443
2021-02-23,1545,7139,126950,0.04300322173973946,0.05565668112117003
2021-02-24,3114,7082,103047,0.03784241739621576,0.05210437460004483
2021-02-25,1653,7369,114174,0.032161758718957795,0.04776427055327488
2021-02-26,1898,9027,113388,0.040545031571950815,0.04499051594327708
2021-02-27,2139,9673,96991,0.037630517936524346,0.04355877626011373
2021-02-28,1032,7338,98919,0.041428182065958025,0.04196982984630916
2021-03-01,2365,7528,152581,0.046625929861849096,0.03994206471468071
2021-03-02,2259,7882,149274,0.046181172291296625,0.04067727894781149
2021-03-03,1669,7237,117818,0.0475335083598176,0.041243564775321255
2021-03-04,2896,7903,122335,0.04352777426293813,0.041954234383661554
2021-03-05,2840,9251,126333,0.03794184412495946,0.04267674505941176
2021-03-06,136,10475,152003,0.027780429594272075,0.04108116981220192
2021-03-07,1134,8077,116227,0.03578061161322273,0.040849931521789215
2021-03-08,4333,7797,149016,0.045530332179043224,0.04136270028592487
2021-03-09,2312,8167,154703,0.046161381168115585,0.04130463169920818
2021-03-10,7614,8298,154405,0.0547119787900699,0.04237098251155484
2021-03-11,300,9204,146146,0.04563233376792699,0.04213333568756851
2021-03-12,2294,10518,137137,0.048583380870888,0.04276528651356225
2021-03-13,709,11709,119507,0.04193355538474677,0.04326425042103566
2021-03-14,-191,10038,121884,0.03715879657302251,0.04443654629337947
2021-03-15,3490,11392,182925,0.04134480337078652,0.04513207026307494
2021-03-16,2033,11395,168004,0.04387889425186485,0.044925640522177644
2021-03-17,3638,11224,160725,0.045972915181753386,0.044902082273882364
2021-03-18,-1224,11602,149961,0.052921910015514564,0.04467832367706295
2021-03-19,1673,13353,153768,0.036021867745076014,0.04347701542420658
2021-03-20,1927,13238,124320,0.03444629098051065,0.04170987918790941
2021-03-21,801,10346,123121,0.03846897351633482,0.04127680645435791
2021-03-22,4102,11155,166128,0.045271178843567905,0.042290854238176086
2021-03-23,95,11087,185629,0.03752142148462163,0.041812931502405476
2021-03-24,1385,11689,165988,0.04662503208144409,0.042156198731102885
2021-03-25,1696,11572,167990,0.08010715520221223,0.04642297873366024
2021-03-26,3595,13318,171561,0.04077188767082145,0.0449042259405736
2021-03-27,389,13272,121487,0.03202230259192285,0.044404280296429455
2021-03-28,-39,11242,136916,0.0338907667674791,0.04433483976980051
2021-03-29,3191,12520,170301,0.04225239616613419,0.04480776760102543
2021-03-30,5166,12503,162849,0.037830920579061025,0.04387773531796207
2021-03-31,1798,12125,157379,0.04560824742268041,0.04488858856021942
2021-04-01,2225,12567,147794,0.06493196466937216,0.047176955133710424
2021-04-02,3707,12669,151377,0.04814902517957218,0.04318218888088042
2021-04-03,1455,12167,114187,0.03731404619051533,0.04274995869584215
2021-04-04,1132,8482,92876,0.039966988917708085,0.04374304448656531
2021-04-05,2418,11462,159758,0.033676496248473214,0.04371626067168957
2021-04-06,4530,12568,184446,0.033099936346276254,0.042572203194207334
2021-04-07,3902,12408,183869,0.029497098646034815,0.041530475452579055
2021-04-08,2453,12952,169165,0.039376158122297715,0.04075146429003122
2021-04-09,5241,13501,194405,0.040959928894155985,0.0377549598181292
2021-04-10,1553,12927,150083,0.05631623733271447,0.03877586133727198
2021-04-11,1183,9507,143691,0.0535394972125802,0.040804042715030096
2021-04-12,4273,9867,186467,0.04702543832978615,0.041686348891539854
2021-04-13,5143,10213,170696,0.041417800842064034,0.0426540119657387
2021-04-14,3523,10668,178425,0.045181852268466445,0.04416425145601248
2021-04-15,3103,10694,179255,0.04638114830746213,0.046274757663690894
2021-04-16,2627,11896,171988,0.04329186281102892,0.046764220749782294
2021-04-17,2681,12723,145248,0.04000628782519846,0.046645015616162605
2021-04-18,899,10600,147749,0.03830188679245283,0.044393221798629895
2021-04-19,2398,10075,196266,0.04406947890818859,0.043209469510580946
2021-04-20,4066,9560,194536,0.03901673640167364,0.04220838176956688
2021-04-21,3955,9822,170743,0.0492771329668092,0.04319079828516003
2021-04-22,1650,10298,156334,0.04932996698388036,0.043709312624586764
2021-04-23,1455,12050,197662,0.04730290456431535,0.04382453215669342
2021-04-24,1115,11821,129069,0.0521952457490906,0.044937455023951134
2021-04-25,1792,10076,148005,0.03979753870583565,0.044911361384030776
2021-04-26,3564,10274,198291,0.045746544675880865,0.045841943619459286
2021-04-27,5861,10123,174998,0.04168724686357799,0.045544164613882956
2021-04-28,4599,10683,175910,0.03950201254329308,0.04560482413158539
2021-04-29,2614,11235,178460,0.04521584334668447,0.045097162929069796
2021-04-30,2163,12980,180282,0.038751926040061634,0.04377490781109246
2021-05-01,2651,13790,135442,0.03676577229876722,0.04245776627789894
2021-05-02,2113,11177,135893,0.03623512570457189,0.0404627512723341
2021-05-03,619,10916,189530,0.03508611212898498,0.03987382295022777
2021-05-04,4694,11698,195477,0.03684390494101556,0.0387609929833696
2021-05-05,3526,11509,192928,0.04049005126422799,0.03861134353345085
2021-05-06,4369,11841,186083,0.03884807026433578,0.038529600748581194
2021-05-07,3558,13282,172666,0.040656527631380814,0.03795968628416824
2021-05-08,2356,14060,134425,0.03364153627311522,0.03732088756329993
2021-05-09,1298,10177,123027,0.03272084111231208,0.03681527116499304
2021-05-10,2387,10874,196228,0.039543866102630124,0.037228863714750315
2021-05-11,4960,11909,200197,0.037786547988915946,0.03756641819724169
2021-05-12,2547,12691,191015,0.035379402726341505,0.03738335542040743
2021-05-13,4550,13088,186717,0.03850855745721271,0.03713566869453052
2021-05-14,-4789,14252,177953,0.039643558798765084,0.03723510476133419
2021-05-15,833,14960,135124,0.03442513368983957,0.03645618051864153
2021-05-16,3217,12541,146765,0.04433458256917311,0.037792811305648766
2021-05-17,5099,12840,196341,0.036526479750778815,0.038268516135457106
2021-05-18,4568,12995,198736,0.041631396691035015,0.03852945745900772
2021-05-19,3566,13237,198444,0.04608294930875576,0.039566507623987696
2021-05-20,5532,13826,190155,0.056921741646173876,0.04225929998896674
2021-05-21,3376,15357,183980,0.05209350784658462,0.04395741878763823
2021-05-22,821,17070,139643,0.04018746338605741,0.04402540686104977
2021-05-23,1887,14267,143891,0.03182168640919605,0.04369997595096933
2021-05-24,2544,14853,199105,0.0414731030768195,0.04334229101442513
2021-05-25,5539,15281,197161,0.037235782998494865,0.043430953920389634
2021-05-26,2213,16151,188740,0.03386787195839267,0.042460513328809346
2021-05-27,3935,15860,158344,0.040920554854981084,0.04181521402208751
2021-05-28,4210,18548,117962,0.04372439076989433,0.040165545162552566
2021-05-29,2463,20584,100009,0.0387679751263117,0.03849985357251845
2021-05-30,2228,18369,125144,0.03696445097718983,0.03809697702141
2021-05-31,5749,17253,152083,0.04092041963716455,0.039234318674906066
2021-06-01,3319,16079,207505,0.03868399776105479,0.03888568051043548
2021-06-02,2157,17183,199721,0.03451085375080021,0.03854506435447365
2021-06-03,4537,17772,198807,0.03516767949583615,0.03870754029665408
2021-06-04,4096,19310,188211,0.03780424650440187,0.038318001752831676
2021-06-05,3108,21195,154233,0.03585751356451993,0.03733464210215988
2021-06-06,1480,17506,144384,0.03952930423854678,0.037429808241189265
2021-06-07,6284,16676,206797,0.0360997841208923,0.03732172488415207
2021-06-08,4524,18189,218006,0.03249216559459014,0.03626819312883027
2021-06-09,5185,18303,205466,0.04310768726438289,0.036821154316746284
2021-06-10,5531,19146,200191,0.03906821268150005,0.037390824183083766
2021-06-11,689,20935,221322,0.03592070695008359,0.037484952614864696
2021-06-12,3337,21129,148433,0.03696341521132093,0.03737984870322958
2021-06-13,2997,18931,140060,0.035602979240399346,0.037348031912714505
2021-06-14,5791,18465,196257,0.04186298402382887,0.03763974188587477
2021-06-15,4355,19212,204300,0.04538829897980429,0.03880080624323876
2021-06-16,3261,19840,194574,0.041179435483870964,0.039886714979398864
2021-06-17,3562,20516,189454,0.03753168258919867,0.03918971439500084
2021-06-18,2248,22229,200249,0.04440145755544559,0.03985637000424403
2021-06-19,937,21829,137694,0.036236199551055934,0.039895806579365575
2021-06-20,1355,18145,145288,0.040892807936070544,0.04038698066995928
2021-06-21,4945,18579,190044,0.04392055546584854,0.04142667769814042
2021-06-22,13444,19480,219437,0.04173511293634497,0.04141069381220494
2021-06-23,15076,19887,202497,0.05118921908784633,0.04213580882571019
2021-06-24,3901,20057,183799,0.04517126190357481,0.042634787128173174
2021-06-25,3012,20988,156635,0.04993329521631409,0.0441849887065626
2021-06-26,3281,21585,130981,0.045633541811443135,0.04433899923856229
2021-06-27,2655,19059,121240,0.04354897948475786,0.045253096730275034
2021-06-28,1574,19527,168020,0.04286372714702719,0.04549946163164462
2021-06-29,5152,19115,174242,0.04540936437352864,0.04568556274510463
2021-06-30,5081,19361,171091,0.0472083053561283,0.04636971179757755
2021-07-01,3111,20333,168957,0.052918900309841144,0.046585921950326896
2021-07-02,7455,22636,156989,0.04634210991341226,0.04673227795155658
2021-07-03,1874,22434,110841,0.04707140946777213,0.046374542232988834
2021-07-04,1531,19251,100277,0.03880317905563347,0.045520746888512625
2021-07-05,1998,19898,132270,0.04276811739873354,0.04542313912775958
2021-07-06,4103,19111,180320,0.046517712312280884,0.0458798872734163
2021-07-07,1036,19581,189584,0.043000868188550125,0.04557882525029398
2021-07-08,6898,21353,250510,0.04598885402519552,0.04542639383392739
2021-07-09,4099,23532,229333,0.03986061533231344,0.043794108211736425
2021-07-10,607,22768,157623,0.03531271960646522,0.042415434423368044
2021-07-11,2324,18767,154699,0.04300101241541003,0.04190663479182278
2021-07-12,5027,19401,201142,0.03824545126539869,0.04183691881804343
2021-07-13,3902,20346,197967,0.04069595989383663,0.04157789912993132
2021-07-14,4230,20708,188860,0.04133668147575816,0.04093027027536598
2021-07-15,4780,21403,187505,0.04237723683595757,0.040852316356291905
2021-07-16,4898,23268,175150,0.042805569881382156,0.040454405838315236
2021-07-17,1487,23321,140455,0.03589039921101154,0.0399581288231525
2021-07-18,1495,20159,139974,0.03363262066570762,0.0397481164555578
2021-07-19,2761,21011,190883,0.03878920565418114,0.03922164061040419
2021-07-20,3031,21159,181915,0.03525686469114798,0.03884806728862285
2021-07-21,771,21066,166817,0.03783347574290326,0.038490256769756176
2021-07-22,2296,21919,171256,0.04014781696245267,0.03834164870559299
2021-07-23,2367,22924,158749,0.03751526784156343,0.03773390258129372
2021-07-24,2526,23009,116957,0.03976704767699596,0.03735408730574545
2021-07-25,61,19998,120175,0.036453645364536456,0.03742449307493607
2021-07-26,4740,20634,157141,0.03867403314917127,0.03805466963536902
2021-07-27,4096,20236,164966,0.04170784740067207,0.038419499853680386
2021-07-28,2868,20108,145562,0.04510642530336185,0.03965069493020712
2021-07-29,1937,19739,137098,0.04650691524393333,0.04073487486783588
2021-07-30,2225,21302,131557,0.03933902919913623,0.04063377639742132
2021-07-31,1374,21139,102072,0.035242915937366955,0.040349732409396766
2021-08-01,1777,19974,122137,0.0335936717733053,0.03957806042143543
2021-08-02,1468,18867,160148,0.04166004134202576,0.040228859918621594
2021-08-03,3227,19320,146335,0.04730848861283644,0.041308166851579745
2021-08-04,1592,19128,142012,0.05248849853617733,0.0426557482435179
2021-08-05,1960,19352,142307,0.05213931376601902,0.043534859301350044
2021-08-06,1947,20612,134298,0.046720357073549386,0.043561539530052054
2021-08-07,1483,20999,112427,0.046049811895804565,0.04440038736713559
2021-08-08,1548,17459,101524,0.03814651469156309,0.04476333721141011
2021-08-09,1410,17605,151372,0.040897472309003126,0.04567631227837234
2021-08-10,3472,17742,164972,0.04063803404351257,0.04554856136605819
2021-08-11,818,17518,138272,0.04846443657951821,0.045693054861893415
2021-08-12,2606,17436,129963,0.05052764395503556,0.045447948039250695
2021-08-13,3175,18842,115000,0.05689417259314298,0.04604230539264119
2021-08-14,2328,19129,95361,0.047885409587537245,0.04618793695688967
2021-08-15,1077,15525,91976,0.044444444444444446,0.04598726602546965
2021-08-16,2381,14942,125807,0.04992638201044037,0.04745974944032932
2021-08-17,1959,14689,129796,0.055551773435904415,0.04929153708119197
2021-08-18,2030,14342,107806,0.06512341374982569,0.05235220954448112
2021-08-19,2385,15136,111734,0.05457188160676533,0.053115640172887
2021-08-20,2264,16926,120755,0.05358619874748907,0.053497959521943694
2021-08-21,1077,17445,90177,0.049699054170249356,0.05259856971908199
2021-08-22,4781,14264,91619,0.04395681435782389,0.05210749531536782
2021-08-23,3847,13082,133634,0.0463231921724507,0.052342338781368604
2021-08-24,6572,13596,120317,0.05707561047366873,0.05323599233927215
2021-08-25,2912,14038,130297,0.05214418008263285,0.0528100431701132
2021-08-26,4663,14120,124709,0.056728045325779033,0.05176062211710737
2021-08-27,3386,15860,124565,0.05334174022698613,0.05160685444463497
2021-08-28,272,17351,81204,0.045876318367817415,0.050643119397176015
2021-08-29,87,13648,82793,0.049531066822977726,0.05062212097876706
2021-08-30,4740,11673,122160,0.051572003769382334,0.05157401965521186
2021-08-31,4090,12067,119983,0.057677964697107814,0.052993366220794
2021-09-01,5039,12508,129770,0.05892228973456987,0.053224201128406645
2021-09-02,1175,13501,110333,0.05251462854603363,0.05327050718633174
2021-09-03,2332,16241,117214,0.045809987069761714,0.05190574990432958
2021-09-04,970,19825,77754,0.03596469104665826,0.0497336187567886
2021-09-05,922,18234,82007,0.0384995064165844,0.04881151726288447
2021-09-06,1414,15363,91125,0.031504263490203736,0.04655816684628772
2021-09-07,2296,10833,117953,0.045878334717991326,0.04584645821486384
2021-09-08,2942,10793,119682,0.045492448809413506,0.044323268728902056
2021-09-09,417,11341,114820,0.0446168768186227,0.04253509211440866
2021-09-10,3018,13658,142181,0.037633621320837606,0.040674966211259156
2021-09-11,1729,15539,88079,0.030503893429435613,0.038761704506218395
2021-09-12,1153,11575,95173,0.04267818574514039,0.039600891343528656
2021-09-13,2417,10557,130544,0.04082599223264185,0.03989170207053584
2021-09-14,-146,10421,122954,0.03349006813165723,0.04013992765071753
2021-09-15,-5257,11029,117332,0.04533502584096473,0.040072014041089205
2021-09-16,205,11420,105061,0.04308231173380035,0.03977074690663756
2021-09-17,166,13351,104381,0.04246872893416224,0.03950222842108
2021-09-18,1428,14794,89388,0.035014194943896175,0.03917480012396232
2021-09-19,485,12418,86124,0.0342245128039942,0.039639877545782146
2021-09-20,1172,10063,124886,0.04422140514757031,0.039832779971085884
2021-09-21,-165,10051,122538,0.03800616854044374,0.039480302009561125
2021-09-22,3566,10993,118532,0.040389338670062766,0.04034271082686181
2021-09-23,2190,11082,107501,0.041689225771521385,0.0398869858181814
2021-09-24,1191,13402,104764,0.04133711386360245,0.03966883608440666
2021-09-25,1220,15507,125796,0.029728509705294382,0.03807630868079818
2021-09-26,566,11567,89991,0.028702342871963344,0.03728732717180657
2021-09-27,1127,10386,121458,0.035047178894665895,0.037390160433140536
2021-09-28,555,10296,119501,0.03749028749028749,0.03654877072598018
2021-09-29,2229,10288,117780,0.04043545878693624,0.036852432006791745
2021-09-30,1866,10963,114233,0.04451336313052996,0.03736793506435014
2021-10-01,1091,14264,134012,0.03330061693774537,0.03631935896012814
2021-10-02,-50,15700,92030,0.02535031847133758,0.034321009536095036
2021-10-03,554,12815,101181,0.024502536090518924,0.0336677628342481
2021-10-04,2648,10396,127983,0.03876490958060792,0.03492558367282867
2021-10-05,406,11335,143325,0.03855315394794883,0.03536383055448904
2021-10-06,642,11149,120851,0.035698268903040634,0.035139828231083185
2021-10-07,2336,12102,122534,0.03520079325731284,0.03448549503988026
2021-10-08,786,14419,101564,0.043969762119425757,0.034417544913492235
2021-10-09,870,17536,89623,0.023323448905109487,0.03317039890941275
2021-10-10,822,13780,79625,0.024891146589259797,0.03311300242415302
2021-10-11,-362,11769,139334,0.04273940011895658,0.03539261042770773
2021-10-12,9,11187,126062,0.03825869312594976,0.03532933337087546
2021-10-13,792,11385,113478,0.038559508124725514,0.035330127642972546
2021-10-14,688,12639,113573,0.035445842234353986,0.03529857430938672
2021-10-15,1562,16574,99249,0.028538675033184507,0.03446580953137068
2021-10-16,1448,17854,79841,0.020947686792875547,0.031588050115551894
2021-10-17,675,12989,103516,0.025406112864731697,0.031848383110504676
2021-10-18,2761,15084,139630,0.025258552108194113,0.03189430880037146
2021-10-19,2510,11406,165814,0.03287743293003682,0.030661562901756492
2021-10-20,2099,11091,117999,0.03318005590118114,0.030026733248660415
2021-10-21,-1057,11759,96237,0.0297644357513394,0.02892734920198715
2021-10-22,2835,14176,95110,0.028922121896162528,0.02811188415971322
2021-10-23,856,14543,77610,0.027229594994155264,0.027948249154834563
2021-10-24,366,10268,79778,0.030677834047526296,0.02916451756166591
2021-10-25,869,8377,100980,0.03819983287573117,0.03076373256304084
2021-10-26,3952,9136,120113,0.035245183887915935,0.03201206153550607
2021-10-27,2476,9041,108739,0.04402167901780776,0.03340509229647744
2021-10-28,1250,9478,97733,0.03777168178940705,0.03397904553250568
2021-10-29,2440,11747,96837,0.03234868477057972,0.03430207665991072
2021-10-30,-223,13134,68201,0.026496116948378255,0.03399882604143768
2021-10-31,131,8712,78040,0.022382920110192838,0.033392991680942376
2021-11-01,1257,8741,159018,0.02985928383480151,0.03329067290435178
2021-11-02,370,8481,124818,0.02770899658059191,0.031979318367459375
2021-11-03,1484,8780,124027,0.029840546697038724,0.03130373871859972
2021-11-04,1408,9231,124061,0.03217419564510887,0.02982280329701236
2021-11-05,1389,9826,122851,0.029513535518013435,0.028790535013088158
2021-11-06,798,11201,110654,0.034104097848406394,0.029009961647816492
2021-11-07,773,9096,109179,0.027594547053649957,0.029147265410975454
2021-11-08,2135,8851,132230,0.02700259857643204,0.029724725219255354
2021-11-09,-301,8677,133147,0.026852598824478508,0.02934888959296498
2021-11-10,2016,9212,147442,0.02920104211897525,0.0295353952852629
2021-11-11,1628,10409,124022,0.026611586127389758,0.029131775214056778
2021-11-12,1383,11634,152048,0.03223310985043837,0.029139139489722965
2021-11-13,433,12895,90667,0.021093447072508726,0.028086628434034876
2021-11-14,210,9559,107424,0.025421069149492624,0.027001249846670655
2021-11-15,1485,8400,126859,0.032857142857142856,0.027659074322107267
2021-11-16,1995,8647,142775,0.03434717242974442,0.028577146053771315
2021-11-17,2321,8438,127444,0.031998103816070156,0.02922033417772027
2021-11-18,2152,8772,126272,0.0308937528499772,0.029431923019095516
2021-11-19,111,10456,119602,0.02964804896710023,0.029811480874059323
2021-11-20,1822,10729,94627,0.047814334979960856,0.031759134015249636
2021-11-21,1450,9946,90276,0.02764930625377036,0.03257861641290734
2021-11-22,2285,10663,127566,0.025883897589796492,0.03263646996794532
2021-11-23,2766,10998,133225,0.036552100381887616,0.033098339658538416
2021-11-24,678,10153,106107,0.030729833546734954,0.03264617229816223
2021-11-25,106,7189,93756,0.03366253999165392,0.0328542268201102
2021-11-26,416,13564,128277,0.031038041875552935,0.03287226294830717
2021-11-27,1635,13976,129272,0.03012306811677161,0.032931640342016094
2021-11-28,1012,9633,104785,0.02076196408180214,0.029550093979746252
2021-11-29,1982,9193,161232,0.029370172957685195,0.029765202317735606
2021-11-30,1404,8718,146210,0.024432209222298693,0.029583741271798383
2021-12-01,1940,8610,132599,0.03670150987224158,0.02960241745809263
2021-12-02,1466,9105,140855,0.031630971993410216,0.029715059763927035
2021-12-03,1663,11059,122347,0.02748892304910028,0.02894335764610783
2021-12-04,998,12196,138320,0.026894063627418825,0.02842536036509107
2021-12-05,1952,9823,103151,0.02137839763819607,0.027332276555269125
2021-12-06,1386,9306,136403,0.03127014829142489,0.028645799581471967
2021-12-07,3090,8938,123658,0.02852987245468785,0.0285407620185973
2021-12-08,1803,9014,130232,0.032283115154204574,0.029522125260085536
2021-12-09,2673,9235,138238,0.033892799133730375,0.029171036417771634
2021-12-10,1628,10307,106515,0.028524303871155527,0.0287827029024898
2021-12-11,53,11810,107469,0.0331922099915326,0.02949561377029384
2021-12-12,876,9379,87911,0.026442051391406332,0.02943911224079228
2021-12-13,1341,8627,108116,0.050654920598122176,0.03309867761078304
2021-12-14,1858,8401,113293,0.04678014522080705,0.03503742722695581
2021-12-15,1952,8967,143105,0.04806512769042043,0.03747933413142238
2021-12-16,1663,9563,185758,0.0547945205479452,0.04029325980563996
2021-12-17,1602,10302,97496,0.04319549602019025,0.041456096916447444
2021-12-18,1454,12056,89864,0.03292966157929662,0.04200676662996508
2021-12-19,1026,10728,108039,0.031972408650261,0.04185429146230613
2021-12-20,1586,11486,106566,0.04596900574612572,0.04429516075664606
2021-12-21,96,10543,111101,0.06051408517499763,0.045527556328755485
2021-12-22,1964,10954,102461,0.05678291035238269,0.04677790197020244
2021-12-23,1657,10826,104951,0.04914095695547755,0.04691238062833458
2021-12-24,5142,8889,116217,0.05062436719541006,0.04639111145926769
2021-12-25,479,6126,50030,0.04097290238328436,0.04611328725465445
2021-12-26,606,10601,63298,0.06386189982077163,0.04997981703483883
2021-12-27,1748,13345,89159,0.06706631697264893,0.054366555575137324
2021-12-28,1449,14056,108032,0.062037564029595905,0.0563751253605711
2021-12-29,-375,13248,97812,0.06468900966183574,0.05689699092142586
2021-12-30,218,12456,107315,0.06422607578676943,0.0578273866007242
2021-12-31,-303,9906,94046,0.07238037552998183,0.06073231392253724
2022-01-01,74,9775,93860,0.04040920716112532,0.059455418918251644
2022-01-02,967,8984,97579,0.05242653606411398,0.06088712312835535
2022-01-03,1613,8572,146415,0.048296780214652356,0.05894148317759044
2022-01-04,1109,8226,169856,0.050692924872355945,0.056894809165053815
2022-01-05,3237,8506,176330,0.06172113802022102,0.05685525591388196
2022-01-06,1929,8489,167958,0.05524796795853457,0.05567512570096931
2022-01-07,1149,9699,128657,0.05186101659964945,0.05412949330257931
2022-01-08,871,10942,129350,0.043502101992323156,0.05051970911037198
2022-01-09,435,8138,133304,0.042025067584173015,0.05072169166325294
2022-01-10,2042,7679,154176,0.0386769110561271,0.04900298853725458
2022-01-11,1109,7793,168482,0.034774797895547285,0.047312740747366445
2022-01-12,1307,7977,145945,0.047636956249216496,0.046930744669474014
2022-01-13,7310,8574,144719,0.0794261721483555,0.04914387393549082
2022-01-14,2868,10388,127860,0.0597805159799769,0.04971044243817111
2022-01-15,1075,11686,127853,0.03371555707684409,0.047442259997820445
2022-01-16,759,9649,132790,0.03254223235568453,0.046072276293240615
2022-01-17,2198,8890,174075,0.04038245219347582,0.04586694936940346
2022-01-18,3202,7466,154528,0.038440932226091615,0.04583745201564903
2022-01-19,3783,7869,171445,0.04816368026432838,0.04751106231174666
2022-01-20,2634,8885,171650,0.037253798536859874,0.04621316759770209
2022-01-21,2150,10324,157845,0.036129407206509104,0.040801071979971286
2022-01-22,784,11390,143341,0.028884986830553117,0.03693913083629331
2022-01-23,2594,9028,145021,0.034891448825875054,0.037086117304922186
2022-01-24,13905,7758,166115,0.04524361948955916,0.03867379069665652
2022-01-25,3819,7637,164616,0.03509231373576011,0.038012523389442054
2022-01-26,4711,8047,167858,0.04970796570150367,0.03942090257386856
2022-01-27,2283,8878,159997,0.03052489299391755,0.03721605416506721
2022-01-28,2170,9995,167240,0.05542771385692846,0.03948779358007578
2022-01-29,511,10518,132831,0.024624453318121315,0.038049674344027305
2022-01-30,308,8338,133273,0.026025425761573517,0.037692229210404854
